epoch,lr,baseline_acc_average,prediction_acc_average,valid_baseline_acc_average,valid_prediction_acc_average
10.0,0.0031512470486230455,0.7021381167567796,0.8402169120884563,0.6901813036133927,0.8264494744106567
20.0,0.0018867680126765363,0.7021381167072633,0.8624022141829342,0.6901813036133927,0.8494821318172411
30.0,0.0011296777049628276,0.7021381160817937,0.8747672176315217,0.6901813036133927,0.8499820602572988
40.0,0.0006763797713952794,0.7021381155110528,0.8815414452682059,0.6901813036133927,0.8484319224921495
50.0,0.0004049735540879638,0.7021381158498488,0.8865171791290529,0.6901813036133927,0.8488455337082769
60.0,0.00024247262624711545,0.7021381161156733,0.8899246960738945,0.6901813036133927,0.847752164009063
