epoch,lr,prediction_error_average,baseline_error_average,valid_prediction_error_average,valid_baseline_error_average
10.0,0.0031512470486230455,8.839351579997135,23.505237637305886,9.701928491884642,22.82643943394779
20.0,0.0018867680126765363,8.0279754825312,23.505237625713846,9.222408025492149,22.82643943394779
30.0,0.0011296777049628276,7.478540301192631,23.50523756792046,8.860391529150753,22.82643943394779
40.0,0.0006763797713952794,7.155920212053355,23.505237645728876,8.689459985116457,22.82643943394779
50.0,0.0004049735540879638,6.943932257432076,23.505237599193936,8.75292004044837,22.82643943394779
60.0,0.00024247262624711545,6.828086620144171,23.505237697934735,8.7168934796975,22.82643943394779
70.0,0.00014517731808828924,6.745624930361051,23.505237540900172,8.723768544186793,22.82643943394779
80.0,8.69230230790188e-05,6.688888099966966,23.505237563083494,8.702503739012487,22.82643943394779
