epoch,lr,prediction_error_average,baseline_error_average,valid_prediction_error_average,valid_baseline_error_average
10.0,0.0006710886400000004,7.775465094474378,21.685016596478096,9.080147244893045,22.25119689216382
20.0,7.205759403792802e-05,7.335939544994145,21.685016544265725,8.836104823252782,22.25119689216382
30.0,7.73712524553364e-06,7.269482698812543,21.68501663562285,8.795702427614733,22.25119689216382
40.0,8.307674973655742e-07,7.256998672841371,21.685016551757823,8.785421505532184,22.25119689216382
50.0,8.920298079412272e-08,7.269379717798182,21.68501661848976,8.782566600764051,22.25119689216382
60.0,9.578097130411839e-09,7.259323381483945,21.685016565057747,8.782792238863054,22.25119689216382
70.0,1.028440348325758e-09,7.265019663627232,21.685016472364822,8.782802083944372,22.25119689216382
80.0,1.1042794154864952e-10,7.262544146220354,21.685016528410358,8.782802388717515,22.25119689216382
