epoch,lr,baseline_acc_average,prediction_acc_average,valid_baseline_acc_average,valid_prediction_acc_average
10.0,0.0031512470486230455,0.6960166899282387,0.8442398727362511,0.6979547482149892,0.8083841012201665
20.0,0.0018867680126765363,0.6960166904245663,0.8555533757053816,0.6979547482149892,0.7882599223551159
30.0,0.0011296777049628276,0.6960166902980982,0.8661169178601649,0.6979547482149892,0.8318399900875737
40.0,0.0006763797713952794,0.6960166916629991,0.8750150583824932,0.6979547482149892,0.8195155037706253
50.0,0.0004049735540879638,0.6960166904341111,0.8811001704870125,0.6979547482149892,0.8152017306608094
60.0,0.00024247262624711545,0.6960166910258863,0.8855065376006734,0.6979547482149892,0.8149095465877441
