epoch,lr,prediction_error_average,baseline_error_average,valid_prediction_error_average,valid_baseline_error_average
10.0,0.0031512470486230455,9.092302583226918,20.045022424015006,10.871499093396837,28.00064259211687
20.0,0.0018867680126765363,8.449609629257155,20.045022394846217,9.163385394021835,28.00064259211687
30.0,0.0011296777049628276,8.004199968918563,20.04502237598577,9.715205940504797,28.00064259211687
40.0,0.0006763797713952794,7.736533732776755,20.045022482581658,10.492947047604881,28.00064259211687
50.0,0.0004049735540879638,7.550458214825991,20.04502240393283,9.826412407127586,28.00064259211687
60.0,0.00024247262624711545,7.439071941005396,20.045022420044386,9.617718728174395,28.00064259211687
70.0,0.00014517731808828924,7.354865613532145,20.045022362546746,9.901499594044505,28.00064259211687
80.0,8.69230230790188e-05,7.31953181233149,20.04502238805035,9.986867171353252,28.00064259211687
