epoch,lr,baseline_acc_average,prediction_acc_average,valid_baseline_acc_average,valid_prediction_acc_average
10.0,0.0031512470486230455,0.7052336015288246,0.8534142175928565,0.661994266023742,0.8135229105560388
20.0,0.0018867680126765363,0.7052336013105647,0.8725956164871361,0.661994266023742,0.831561643393579
30.0,0.0011296777049628276,0.7052336017095152,0.883130780337477,0.661994266023742,0.8272765153270717
40.0,0.0006763797713952794,0.7052336016146974,0.8908625688394565,0.661994266023742,0.8306551724193417
50.0,0.0004049735540879638,0.7052336010994608,0.8941962028439242,0.661994266023742,0.8302761033822049
60.0,0.00024247262624711545,0.7052336012712063,0.8975138279303041,0.661994266023742,0.8269304087636498
