epoch,lr,prediction_error_average,baseline_error_average,valid_prediction_error_average,valid_baseline_error_average
10.0,0.0031512470486230455,8.883382703181908,23.21022984623519,10.4297500209549,23.16488788543437
20.0,0.0018867680126765363,7.782790481198015,23.210229789501916,9.385957283378383,23.16488788543437
30.0,0.0011296777049628276,7.3295042459914015,23.210229956037832,8.8375927512519,23.16488788543437
40.0,0.0006763797713952794,7.08854188886722,23.21022992380692,8.90408793085143,23.16488788543437
50.0,0.0004049735540879638,6.931669339063979,23.21022993880603,8.754324602049273,23.16488788543437
60.0,0.00024247262624711545,6.825089292923836,23.21022987319924,8.792744936666029,23.16488788543437
70.0,0.00014517731808828924,6.76963417329046,23.210229846750426,8.694600144187069,23.16488788543437
80.0,8.69230230790188e-05,6.737586019620012,23.210229833812264,8.71311124122629,23.16488788543437
